{
  "id": "XgRxnjPyNN9Lmqr",
  "name": "感知管理平台",
  "font_class": "icon-",
  "font_family": "iconfont",
  "url": "https://codesign.qq.com/app/icon/XgRxnjPyNN9Lmqr/detail",
  "icons_count": 25,
  "icons": [
    {
      "id": "RG6X0kEYeYjxEPB",
      "name": "more-vertical",
      "svg": "<svg xmlns=\"http://www.w3.org/2000/svg\" viewBox=\"0 0 32 32\" class=\"8r2mehr51__design-iconfont\">\n  <g>\n    <path d=\"M16 22.400000000000002A3.2 3.2 0 1 0 16 28.8A3.2 3.2 0 1 0 16 22.400000000000002Z\"></path>\n    <path d=\"M16 12.8A3.2 3.2 0 1 0 16 19.2A3.2 3.2 0 1 0 16 12.8Z\"></path>\n    <path d=\"M16 3.2A3.2 3.2 0 1 0 16 9.600000000000001A3.2 3.2 0 1 0 16 3.2Z\"></path>\n  </g>\n</svg>",
      "class_name": "more-vertical",
      "unicode": "e001",
      "unicode_decimal": 57345,
      "section": "未编组"
    },
    {
      "id": "GPEpZGmRKN9w3z7",
      "name": "admin",
      "svg": "<svg xmlns=\"http://www.w3.org/2000/svg\" viewBox=\"0 0 32 32\" class=\"543nlcsv1__design-iconfont\">\n  <path d=\"M16,4A12,12,0,1,0,28,16,12,12,0,0,0,16,4Zm0,4.38A3.62,3.62,0,1,1,12.38,12h0A3.62,3.62,0,0,1,16,8.38Zm7.43,13.19a9.64,9.64,0,0,1-14.86,0,.32.32,0,0,1,0-.39,9.62,9.62,0,0,1,14.86,0A.32.32,0,0,1,23.43,21.57Z\"></path>\n</svg>",
      "class_name": "admin",
      "unicode": "e002",
      "unicode_decimal": 57346,
      "section": "未编组"
    },
    {
      "id": "wRap9xlVmq9r4gN",
      "name": "dashboards",
      "svg": "<svg xmlns=\"http://www.w3.org/2000/svg\" viewBox=\"0 0 32 32\" class=\"c7eh3bf2k__design-iconfont\">\n  <path d=\"M25.33,4H6.67A2.66,2.66,0,0,0,4,6.67V25.33A2.66,2.66,0,0,0,6.67,28H25.33A2.66,2.66,0,0,0,28,25.33V6.67A2.66,2.66,0,0,0,25.33,4ZM10.67,23.33H8V12.67h2.67Zm6.66,0H14.67V8.67h2.66Zm6.67,0H21.33V16.67H24Z\"></path>\n</svg>",
      "class_name": "dashboards",
      "unicode": "e003",
      "unicode_decimal": 57347,
      "section": "未编组"
    },
    {
      "id": "nGaV96Ly7RZPqwd",
      "name": "rules",
      "svg": "<svg xmlns=\"http://www.w3.org/2000/svg\" viewBox=\"0 0 32 32\" class=\"0pqvh5lve__design-iconfont\">\n  <g>\n    <path d=\"M11.07,9.79,9.29,8,1,16.33l8.33,8.32,1.78-1.78L4.53,16.33Z\"></path>\n    <path d=\"M22.71,8,20.93,9.79l6.54,6.54-6.54,6.54,1.78,1.78L31,16.33Z\"></path>\n    <path d=\"M9.69 15.06H12.219999999999999V17.59H9.69z\"></path>\n    <path d=\"M14.74 15.06H17.27V17.59H14.74z\"></path>\n    <path d=\"M19.79 15.06H22.32V17.59H19.79z\"></path>\n  </g>\n</svg>",
      "class_name": "rules",
      "unicode": "e005",
      "unicode_decimal": 57349,
      "section": "未编组"
    },
    {
      "id": "VbAE95DmbXjPlze",
      "name": "objects",
      "svg": "<svg xmlns=\"http://www.w3.org/2000/svg\" viewBox=\"0 0 32 32\" class=\"vad1951ib__design-iconfont\">\n  <path d=\"M27.54,9V7.32h1a.63.63,0,0,0,.62-.63h0V4.62A.62.62,0,0,0,28.58,4H26.51a.63.63,0,0,0-.63.62h0v1H6v-1A.62.62,0,0,0,5.36,4H3.29a.62.62,0,0,0-.62.62h0V6.69a.62.62,0,0,0,.62.63h1V23.9h-1a.62.62,0,0,0-.62.62v2.07a.62.62,0,0,0,.62.63H5.36A.63.63,0,0,0,6,26.59H6v-1h19.9v1a.63.63,0,0,0,.62.63h2.08a.63.63,0,0,0,.62-.63h0V24.52a.62.62,0,0,0-.62-.62h-1ZM7.64,16.65v-7A.62.62,0,0,1,8.26,9H17a.62.62,0,0,1,.62.62h0v7a.62.62,0,0,1-.62.62H8.27a.62.62,0,0,1-.63-.62Zm16.58,5a.62.62,0,0,1-.62.62H14.9a.62.62,0,0,1-.62-.62h0V18.93H18a1.24,1.24,0,0,0,1.24-1.25V14H23.6a.62.62,0,0,1,.62.62h0Z\"></path>\n</svg>",
      "class_name": "objects",
      "unicode": "e006",
      "unicode_decimal": 57350,
      "section": "未编组"
    },
    {
      "id": "kv8398LzWD9nKeg",
      "name": "system-settings",
      "svg": "<svg xmlns=\"http://www.w3.org/2000/svg\" viewBox=\"0 0 32 32\" class=\"tfcwjzd3p__design-iconfont\">\n  <g>\n    <g>\n      <path d=\"M26.79,16.47a9,9,0,0,0-.08-1.16,1.32,1.32,0,0,1,.59-1.21l1.47-.85a.81.81,0,0,0,.3-1.11L26.29,7.33A.82.82,0,0,0,25.18,7l-1.47.85a1.31,1.31,0,0,1-1.35-.1,7.94,7.94,0,0,0-1-.63,7.88,7.88,0,0,0-1-.52,1.31,1.31,0,0,1-.75-1.12V3.81A.81.81,0,0,0,18.79,3H13.22a.81.81,0,0,0-.81.81v1.7a1.33,1.33,0,0,1-.75,1.12,7.88,7.88,0,0,0-1.05.52,9,9,0,0,0-1,.63,1.29,1.29,0,0,1-1.34.1L6.83,7a.81.81,0,0,0-1.11.3L2.94,12.14a.81.81,0,0,0,.29,1.11l1.47.85a1.28,1.28,0,0,1,.59,1.21,9.14,9.14,0,0,0-.07,1.16,8.92,8.92,0,0,0,.07,1.16,1.31,1.31,0,0,1-.59,1.22l-1.47.84a.81.81,0,0,0-.29,1.11l2.78,4.82a.81.81,0,0,0,1.1.3l1.47-.85a1.34,1.34,0,0,1,1.35.09,6.88,6.88,0,0,0,.91.61,8.68,8.68,0,0,0,1.1.55,1.31,1.31,0,0,1,.75,1.12v1.69a.82.82,0,0,0,.82.82h5.56a.82.82,0,0,0,.81-.82V27.44a1.34,1.34,0,0,1,.76-1.12,9.17,9.17,0,0,0,1-.52,8.54,8.54,0,0,0,1-.64,1.32,1.32,0,0,1,1.34-.09l1.47.85a.81.81,0,0,0,1.11-.3l2.79-4.81a.83.83,0,0,0-.3-1.12l-1.47-.84a1.31,1.31,0,0,1-.59-1.22,7.45,7.45,0,0,0,.07-1.16ZM16,21a4.49,4.49,0,1,1,0-9,4.49,4.49,0,1,1,0,9Z\"></path>\n    </g>\n  </g>\n</svg>",
      "class_name": "system-settings",
      "unicode": "e007",
      "unicode_decimal": 57351,
      "section": "未编组"
    },
    {
      "id": "18zdZAv25xjnRKP",
      "name": "ota-updates",
      "svg": "<svg xmlns=\"http://www.w3.org/2000/svg\" viewBox=\"0 0 32 32\" class=\"sn7zvu28i__design-iconfont\">\n  <g>\n    <path d=\"M11.72,20.28h8.56V11.72H11.72Zm2.85-5.71h2.86v2.86H14.57Z\"></path>\n    <path d=\"M28.83,14.57V11.72H26V8.87A2.86,2.86,0,0,0,23.13,6H20.28V3.17H17.43V6H14.58V3.17H11.73V6H8.88A2.86,2.86,0,0,0,6,8.87v2.85H3.17v2.85H6v2.86H3.17v2.85H6v2.85A2.85,2.85,0,0,0,8.87,26h2.85v2.85h2.85V26h2.86v2.85h2.85V26h2.85A2.86,2.86,0,0,0,26,23.13V20.28h2.85V17.43H26V14.58Zm-20,8.56V8.86H23.14V23.13Z\"></path>\n  </g>\n</svg>",
      "class_name": "ota-updates",
      "unicode": "e008",
      "unicode_decimal": 57352,
      "section": "未编组"
    },
    {
      "id": "zKaDZdoB2n02GPL",
      "name": "devices",
      "svg": "<svg xmlns=\"http://www.w3.org/2000/svg\" viewBox=\"0 0 32 32\" class=\"nsiki5qla__design-iconfont\">\n  <g>\n    <path d=\"M5.33,8H26.67V5.33H5.33A2.67,2.67,0,0,0,2.67,8V24a2.67,2.67,0,0,0,2.66,2.67H9.67V24H5.33Z\"></path>\n    <path d=\"M28,12.13H21.33a1.2,1.2,0,0,0-1.2,1.2h0v12a1.2,1.2,0,0,0,1.2,1.2H28a1.2,1.2,0,0,0,1.2-1.2h0v-12a1.2,1.2,0,0,0-1.2-1.2Zm-1.2,12H22.53v-9.6H26.8Z\"></path>\n    <path d=\"M17.33,16H12v2.67H10.67V24H12v2.67h5.33V24h1.34V18.67H17.33Zm0,6.67H12V20h5.33Z\"></path>\n  </g>\n</svg>",
      "class_name": "devices",
      "unicode": "e009",
      "unicode_decimal": 57353,
      "section": "未编组"
    },
    {
      "id": "gRxnjPGxYKZLmqr",
      "name": "more-horizontal",
      "svg": "<svg xmlns=\"http://www.w3.org/2000/svg\" viewBox=\"0 0 32 32\" class=\"i17v0n6m3__design-iconfont\">\n  <g>\n    <path d=\"M6.4 12.8A3.2 3.2 0 1 0 6.4 19.2A3.2 3.2 0 1 0 6.4 12.8Z\"></path>\n    <path d=\"M16 12.8A3.2 3.2 0 1 0 16 19.2A3.2 3.2 0 1 0 16 12.8Z\"></path>\n    <path d=\"M25.6 12.8A3.2 3.2 0 1 0 25.6 19.2A3.2 3.2 0 1 0 25.6 12.8Z\"></path>\n  </g>\n</svg>",
      "class_name": "more-horizontal",
      "unicode": "e00a",
      "unicode_decimal": 57354,
      "section": "未编组"
    },
    {
      "id": "2kY5j3LGeO9ExNd",
      "name": "arrow-down",
      "svg": "<svg xmlns=\"http://www.w3.org/2000/svg\" viewBox=\"0 0 32 32\" class=\"49xc4zg1g__design-iconfont\">\n  <path d=\"M15.6,22.4,6.8,13.51,9.09,11.2l6.51,6.59,6.52-6.59,2.28,2.31Z\"></path>\n</svg>",
      "class_name": "arrow-down",
      "unicode": "e00b",
      "unicode_decimal": 57355,
      "section": "未编组"
    },
    {
      "id": "7VXl9OGDee98WRA",
      "name": "search",
      "svg": "<svg xmlns=\"http://www.w3.org/2000/svg\" viewBox=\"0 0 32 32\" class=\"0es4d4aqg__design-iconfont\">\n  <path d=\"M19.28,21A8.72,8.72,0,1,1,21,19.28l7,7L26.25,28Zm-5.23,0a7,7,0,1,0-7-7,7,7,0,0,0,7,7Z\"></path>\n</svg>",
      "class_name": "search",
      "unicode": "e00c",
      "unicode_decimal": 57356,
      "section": "未编组"
    },
    {
      "id": "KnYqZLmaVljPGem",
      "name": "add",
      "svg": "<svg xmlns=\"http://www.w3.org/2000/svg\" viewBox=\"0 0 32 32\" class=\"7h4g3r94q__design-iconfont\">\n  <path d=\"M26.01 14.34L17 14.34 17 5.33 14.34 5.33 14.34 14.34 5.33 14.34 5.33 17 14.34 17 14.34 26.01 17 26.01 17 17 26.01 17 26.01 14.34z\"></path>\n</svg>",
      "class_name": "add",
      "unicode": "e00d",
      "unicode_decimal": 57357,
      "section": "未编组"
    },
    {
      "id": "DyopjD5Mp39Ve1g",
      "name": "delete",
      "svg": "<svg xmlns=\"http://www.w3.org/2000/svg\" viewBox=\"0 0 32 32\" class=\"psygb93x4__design-iconfont\">\n  <path d=\"M10.67,28A2.66,2.66,0,0,1,8,25.33v-16H24v16A2.66,2.66,0,0,1,21.33,28Zm-4-20V5.33H12V4h8V5.33h5.33V8Z\"></path>\n</svg>",
      "class_name": "delete",
      "unicode": "e00e",
      "unicode_decimal": 57358,
      "section": "未编组"
    },
    {
      "id": "1JyMjodXae9LbAV",
      "name": "eliminate",
      "svg": "<svg xmlns=\"http://www.w3.org/2000/svg\" viewBox=\"0 0 32 32\" class=\"s4izj5vvm__design-iconfont\">\n  <path d=\"M25.36 23.47L18.09 16.21 25.36 8.94 23.47 7.06 16.21 14.32 8.94 7.06 7.06 8.94 14.32 16.21 7.25 23.29 9.13 25.17 16.21 18.09 23.48 25.36 25.36 23.47z\"></path>\n</svg>",
      "class_name": "eliminate",
      "unicode": "e00f",
      "unicode_decimal": 57359,
      "section": "未编组"
    },
    {
      "id": "qxWyZ18zqD0mVXk",
      "name": "time",
      "svg": "<svg xmlns=\"http://www.w3.org/2000/svg\" viewBox=\"0 0 32 32\" class=\"87h0qupsb__design-iconfont\">\n  <path d=\"M16,4.5A11.5,11.5,0,1,0,27.5,16,11.51,11.51,0,0,0,16,4.5Zm0,21A9.5,9.5,0,1,1,25.5,16,9.51,9.51,0,0,1,16,25.5Z\"></path>\n  <path d=\"M17 10.71L15 10.71 15 16.41 19.8 21.22 21.22 19.8 17 15.59 17 10.71z\"></path>\n</svg>",
      "class_name": "time",
      "unicode": "e010",
      "unicode_decimal": 57360,
      "section": "未编组"
    },
    {
      "id": "ALwE9V82KdZX1Dp",
      "name": "data",
      "svg": "<svg xmlns=\"http://www.w3.org/2000/svg\" viewBox=\"0 0 32 32\" class=\"3zsroi7z8__design-iconfont\">\n  <path d=\"M22.85,4.13a3.42,3.42,0,0,1,3.42,3.42v16.9a3.43,3.43,0,0,1-3.42,3.43H9.15a3.43,3.43,0,0,1-3.42-3.43V7.55A3.42,3.42,0,0,1,9.15,4.13Zm-9,10.8H11.5a1,1,0,0,0,0,1.93h2.36a1,1,0,0,0,0-1.93Zm2.36-4.06H11.51a1,1,0,0,0,0,1.92h4.71a1,1,0,0,0,0-1.92Z\"></path>\n</svg>",
      "class_name": "data",
      "unicode": "e016",
      "unicode_decimal": 57366,
      "section": "未编组"
    },
    {
      "id": "xDP39q4vA4jwlKp",
      "name": "download",
      "svg": "<svg xmlns=\"http://www.w3.org/2000/svg\" viewBox=\"0 0 32 32\" class=\"g30zsbluq__design-iconfont\">\n  <path d=\"M6.67 24H25.340000000000003V26.67H6.67z\"></path>\n  <path d=\"M25.33 12L20 12 20 4 12 4 12 12 6.67 12 16 21.33 25.33 12z\"></path>\n</svg>",
      "class_name": "download",
      "unicode": "e017",
      "unicode_decimal": 57367,
      "section": "未编组"
    },
    {
      "id": "6ym7ZROpGWjAYED",
      "name": "edit",
      "svg": "<svg xmlns=\"http://www.w3.org/2000/svg\" viewBox=\"0 0 32 32\" class=\"hyrrsf4up__design-iconfont\">\n  <g>\n    <path d=\"M26.06,8.56,23.44,5.94a1.09,1.09,0,0,0-1.55,0l0,0L19.8,8l4.32,4.32,1.95-2.16a1.1,1.1,0,0,0,0-1.55Z\"></path>\n    <path d=\"M5.6,22.08V26.4H9.92L22.44,13.77,18.12,9.44Z\"></path>\n  </g>\n</svg>",
      "class_name": "edit",
      "unicode": "e018",
      "unicode_decimal": 57368,
      "section": "未编组"
    },
    {
      "id": "wKrMZebzonjk1md",
      "name": "upgrade",
      "svg": "<svg xmlns=\"http://www.w3.org/2000/svg\" viewBox=\"0 0 32 32\" class=\"q60suicjp__design-iconfont\">\n  <path d=\"M23.86,12.89a7.68,7.68,0,0,0-8.18-6.53,7.62,7.62,0,0,0-7.22,7.53A5.92,5.92,0,1,0,9,25.71H22.82a6.57,6.57,0,0,0,6.64-5.94A6.49,6.49,0,0,0,23.86,12.89Zm-2.65,5a.46.46,0,0,1-.42.27H18.42v4.38a.46.46,0,0,1-.46.47H14.2a.47.47,0,0,1-.46-.47h0V18.2H11.37a.47.47,0,0,1-.35-.77l4.71-5.52a.48.48,0,0,1,.68,0l0,0,4.71,5.52a.46.46,0,0,1,.07.5Z\"></path>\n</svg>",
      "class_name": "upgrade",
      "unicode": "e019",
      "unicode_decimal": 57369,
      "section": "未编组"
    },
    {
      "id": "YDgGjYwMry0wEVQ",
      "name": "version",
      "svg": "<svg xmlns=\"http://www.w3.org/2000/svg\" viewBox=\"0 0 32 32\" class=\"fbuxwcw8k__design-iconfont\">\n  <path d=\"M23.45,5.56c.51.45.91.83,1.21,1.14a7.36,7.36,0,0,1,.69.79,1.83,1.83,0,0,1,.3.55,1.74,1.74,0,0,1,.05.39v.45H21.56A.69.69,0,0,1,21,8.67a1.9,1.9,0,0,1-.35-.49,2,2,0,0,1-.21-.58,1.61,1.61,0,0,1-.07-.49V3.64h.05a2,2,0,0,1,.48.06,1.88,1.88,0,0,1,.55.27,9,9,0,0,1,.79.59C22.59,4.81,23,5.15,23.45,5.56ZM18.63,7.17a4.44,4.44,0,0,0,.17,1.15,3.42,3.42,0,0,0,.54,1.14,3.13,3.13,0,0,0,.93.88,2.47,2.47,0,0,0,1.32.35h4.12V24.81a3.24,3.24,0,0,1-.32,1.46,3.72,3.72,0,0,1-.86,1.11,3.91,3.91,0,0,1-1.19.72,3.64,3.64,0,0,1-1.27.26H9.93A2.66,2.66,0,0,1,8.76,28a4.8,4.8,0,0,1-1.18-.82,4.53,4.53,0,0,1-.92-1.17,2.75,2.75,0,0,1-.36-1.37V7.28A3,3,0,0,1,6.58,6a4.36,4.36,0,0,1,.74-1.17A4.92,4.92,0,0,1,8.38,4a2.35,2.35,0,0,1,1.24-.35h9V7.17ZM16.38,19.88a1.4,1.4,0,0,0,.37-.91,1.09,1.09,0,0,0-.31-.87l-4.63-4.65a1.19,1.19,0,0,0-1.66,0,1.24,1.24,0,0,0-.34.86,1.17,1.17,0,0,0,.34.83L13.93,19l-3.78,3.81a1.16,1.16,0,0,0-.34.83,1.26,1.26,0,0,0,.34.86,1.19,1.19,0,0,0,1.66,0ZM22.16,23h-5.3v1.78h5.3Z\"></path>\n</svg>",
      "class_name": "version",
      "unicode": "e01a",
      "unicode_decimal": 57370,
      "section": "未编组"
    },
    {
      "id": "xDP39q4vlnjwlKp",
      "name": "clear",
      "svg": "<svg xmlns=\"http://www.w3.org/2000/svg\" viewBox=\"0 0 32 32\" class=\"2hzfdum2k__design-iconfont\">\n  <path d=\"M16,6.4A9.6,9.6,0,1,0,25.6,16,9.62,9.62,0,0,0,16,6.4ZM16,24a8,8,0,1,1,8-8A8,8,0,0,1,16,24Z\"></path>\n  <path d=\"M18.23 12.63L16 14.87 13.77 12.63 12.63 13.77 14.87 16 12.63 18.23 13.77 19.37 16 17.13 18.23 19.37 19.37 18.23 17.13 16 19.37 13.77 18.23 12.63z\"></path>\n</svg>",
      "class_name": "clear",
      "unicode": "e01b",
      "unicode_decimal": 57371,
      "section": "未编组"
    },
    {
      "id": "6ym7ZROpXqjAYED",
      "name": "arrow-right",
      "svg": "<svg xmlns=\"http://www.w3.org/2000/svg\" viewBox=\"0 0 32 32\" class=\"a7qb8ay36__design-iconfont\">\n  <path d=\"M21.6,16.72l-8.89,8.8L10.4,23.24,17,16.72,10.4,10.2l2.31-2.28Z\"></path>\n</svg>",
      "class_name": "arrow-right",
      "unicode": "e01c",
      "unicode_decimal": 57372,
      "section": "未编组"
    },
    {
      "id": "wKrMZebz4rjk1md",
      "name": "selected",
      "svg": "<svg xmlns=\"http://www.w3.org/2000/svg\" viewBox=\"0 0 32 32\" class=\"ikg0droml__design-iconfont\">\n  <path d=\"M12.81 24.55L6.07 17.81 8.33 15.55 12.81 20.03 23.57 9.27 25.83 11.53 12.81 24.55z\"></path>\n</svg>",
      "class_name": "selected",
      "unicode": "e01d",
      "unicode_decimal": 57373,
      "section": "未编组"
    },
    {
      "id": "KnYqZLmz2njPGem",
      "name": "exit-fullscreen",
      "svg": "<svg xmlns=\"http://www.w3.org/2000/svg\" viewBox=\"0 0 32 32\" class=\"ae7x5jnhk__design-iconfont\">\n  <path d=\"M12.8,4.8H9.6V9.6H4.8v3.2h8Z\"></path>\n  <path d=\"M9.6,27.2h3.2v-8h-8v3.2H9.6Z\"></path>\n  <path d=\"M22.4,22.4h4.8V19.2h-8v8h3.2Z\"></path>\n  <path d=\"M27.2,12.8V9.6H22.4V4.8H19.2v8Z\"></path>\n</svg>",
      "class_name": "exit-fullscreen",
      "unicode": "e01e",
      "unicode_decimal": 57374,
      "section": "未编组"
    },
    {
      "id": "DyopjD5eOO9Ve1g",
      "name": "fullscreen",
      "svg": "<svg xmlns=\"http://www.w3.org/2000/svg\" viewBox=\"0 0 32 32\" class=\"0zuk09ldt__design-iconfont\">\n  <g>\n    <path d=\"M4.8,12.8H8V8h4.8V4.8h-8Z\"></path>\n    <path d=\"M8,19.2H4.8v8h8V24H8Z\"></path>\n    <path d=\"M24,24H19.2v3.2h8v-8H24Z\"></path>\n    <path d=\"M19.2,4.8V8H24v4.8h3.2v-8Z\"></path>\n  </g>\n</svg>",
      "class_name": "fullscreen",
      "unicode": "e01f",
      "unicode_decimal": 57375,
      "section": "未编组"
    }
  ]
}